id,designer,designer_image
1,Abercrombie and Fitch,perfume.jpg
2,Adam Levine,perfume.jpg
3,Adidas,perfume.jpg
4,Agent Provocateur,perfume.jpg
5,Ajmal,perfume.jpg
6,Al Haramain,perfume.jpg
7,Alfred Dunhill,perfume.jpg
8,Alfred Sung,perfume.jpg
9,Alyssa Ashley,perfume.jpg
10,Amando,perfume.jpg
11,Animale,perfume.jpg
12,Antonio Banderas,perfume.jpg
13,Antonio Puig,perfume.jpg
14,Apothecary,perfume.jpg
15,Aquolina,perfume.jpg
16,Aramis,perfume.jpg
17,Ariana Grande,perfume.jpg
18,Armaf,perfume.jpg
19,Artes Florales,perfume.jpg
20,Assurance,perfume.jpg
21,Aubusson,perfume.jpg
22,Azzaro,perfume.jpg
23,Baldessarini,perfume.jpg
24,Banana Republic,perfume.jpg
25,Beauty & Heels,perfume.jpg
26,Bebe,perfume.jpg
27,Bentley,perfume.jpg
28,Betsey Johnson,perfume.jpg
29,Beverly Hills,perfume.jpg
30,Bijan,perfume.jpg
31,Billie Eilish,perfume.jpg
32,Blue Bloom,perfume.jpg
33,Bob Mackie,perfume.jpg
34,Bonaparte,perfume.jpg
35,Bond No.9,perfume.jpg
36,Borghese,perfume.jpg
37,Boucheron,perfume.jpg
38,Braccialini,perfume.jpg
39,Britney Spears,perfume.jpg
40,Bruno Banani,perfume.jpg
41,Burberry,perfume.jpg
42,Bvlgari,perfume.jpg
43,Byblos,perfume.jpg
44,Cacharel,perfume.jpg
45,Caesars,perfume.jpg
46,Calvin Klein,perfume.jpg
47,Carolina Herrera,perfume.jpg
48,Cartier,perfume.jpg
49,Carven,perfume.jpg
50,CH,perfume.jpg
51,Chloe,perfume.jpg
52,Chopard,perfume.jpg
53,Christian Audigier,perfume.jpg
54,Christian Dior,perfume.jpg
55,Ciara,perfume.jpg
56,Clinique,perfume.jpg
57,Coach,perfume.jpg
58,Cofinluxe,perfume.jpg
59,Completely Bare,perfume.jpg
60,Conino Lamborghini,perfume.jpg
61,Cool Water,perfume.jpg
62,Coty,perfume.jpg
63,Creed,perfume.jpg
64,Cristiano Ronaldo,perfume.jpg
65,Cuba,perfume.jpg
66,Curve,perfume.jpg
67,Dana,perfume.jpg
68,Daniel Hechter,perfume.jpg
69,David Beckham,perfume.jpg
70,Davidoff,perfume.jpg
71,Derek Lam,perfume.jpg
72,Diesel,perfume.jpg
73,Dior,perfume.jpg
74,Dis Lui,perfume.jpg
75,Dolce & Gabbana,perfume.jpg
76,Donna Karan,perfume.jpg
77,Double Diamond,perfume.jpg
78,Dsquared2,perfume.jpg
79,Dunhill,perfume.jpg
80,Echt Kolnisch Wasser,perfume.jpg
81,Ed Hardy,perfume.jpg
82,Elizabeth Arden,perfume.jpg
83,Elizabeth Taylor,perfume.jpg
84,Ellen Tracy,perfume.jpg
85,Emanuel Ungaro,perfume.jpg
86,Emporio Armani,perfume.jpg
87,Escada,perfume.jpg
88,Estee Lauder,perfume.jpg
89,Eva Longoria,perfume.jpg
90,Evyan,perfume.jpg
91,Eze,perfume.jpg
92,Faconnable,perfume.jpg
93,Ferrari,perfume.jpg
94,Fila,perfume.jpg
95,Franck Olivier,perfume.jpg
96,Fred Hayman,perfume.jpg
97,French Connection UK,perfume.jpg
98,Fresh Up,perfume.jpg
99,Furla,perfume.jpg
100,Gale Hayman,perfume.jpg
101,Geoffrey Beene,perfume.jpg
102,Gianfranco Ferre,perfume.jpg
103,Gilles Cantuel,perfume.jpg
104,Giorgia Armani,perfume.jpg
105,Giorgio Beverly Hills,perfume.jpg
106,Giorgio Valenti,perfume.jpg
107,Givenchy,perfume.jpg
108,Glamour & Heels,perfume.jpg
109,Gloria Vanderbilt,perfume.jpg
110,Gres,perfume.jpg
111,Gucci,perfume.jpg
112,Guerlain,perfume.jpg
113,Guess,perfume.jpg
114,Guy Laroche,perfume.jpg
115,Halloween,perfume.jpg
116,Halston,perfume.jpg
117,Hanae Mori,perfume.jpg
118,Harajuku,perfume.jpg
119,Helene Fischer,perfume.jpg
120,Hermes,perfume.jpg
121,Houbigant,perfume.jpg
122,Hugo,perfume.jpg
123,Hugo Boss,perfume.jpg
124,Hummer,perfume.jpg
125,Ignacio Figueras,perfume.jpg
126,Invicta,perfume.jpg
127,Issey Miyake,perfume.jpg
128,Izod,perfume.jpg
129,J Del Pozo,perfume.jpg
130,Jacomo,perfume.jpg
131,Jacques Bogart,perfume.jpg
132,Jaguar,perfume.jpg
133,James Bond,perfume.jpg
134,Jean Charles Brosseau,perfume.jpg
135,Jean Couturier,perfume.jpg
136,Jean Patou,perfume.jpg
137,Jean Paul Gaultier,perfume.jpg
138,Jennifer Lopez,perfume.jpg
139,Jerome Moments,perfume.jpg
140,Jessica McClintock,perfume.jpg
141,Jessica Sarah Parker,perfume.jpg
142,Jessica Simpson,perfume.jpg
143,Jil Sander,perfume.jpg
144,Jimmy Choo,perfume.jpg
145,Jivago,perfume.jpg
146,Joop,perfume.jpg
147,Jovan,perfume.jpg
148,Juicy Couture,perfume.jpg
149,Kanon,perfume.jpg
150,Karl Lagerfeld,perfume.jpg
151,Kate Spade,perfume.jpg
152,Katy Perry,perfume.jpg
153,Kenneth Cole,perfume.jpg
154,Kenzo,perfume.jpg
155,Kruidvat,perfume.jpg
156,Lacoste,perfume.jpg
157,Lagerfeld,perfume.jpg
158,Lalique,perfume.jpg
159,Lancome,perfume.jpg
160,Lanvin,perfume.jpg
161,Lascad,perfume.jpg
162,Lattafa,perfume.jpg
163,Laura Biagiotti,perfume.jpg
164,Leonardo,perfume.jpg
165,Lionel Richie,perfume.jpg
166,Liz Claiborne,perfume.jpg
167,Loinel Richie,perfume.jpg
168,Lolita Lempicka,perfume.jpg
169,Lomani,perfume.jpg
170,Lorientale Fragrances,perfume.jpg
171,LTL,perfume.jpg
172,Luciano Soprani,perfume.jpg
173,Maison Margiela,perfume.jpg
174,Mandarina Duck,perfume.jpg
175,Marc Ecko,perfume.jpg
176,Marc Jacobs,perfume.jpg
177,Marina De Bourbon,perfume.jpg
178,Mark Jacobs,perfume.jpg
179,Marmol and Son,perfume.jpg
180,Mauboussin,perfume.jpg
181,Maurer & Wirtz,perfume.jpg
182,Mavive,perfume.jpg
183,Mercedes Benz,perfume.jpg
184,Mexx,perfume.jpg
185,Michael Cors,perfume.jpg
186,Michael Jordan,perfume.jpg
187,Michael Kors,perfume.jpg
188,Michel Germain,perfume.jpg
189,Missguided,perfume.jpg
190,Missoni,perfume.jpg
191,Molyneux,perfume.jpg
192,Monique Lhuillier,perfume.jpg
193,Mont Blanc,perfume.jpg
194,Moschino,perfume.jpg
195,MPF,perfume.jpg
196,Muelhens,perfume.jpg
197,Mugler,perfume.jpg
198,My Dynastie Princess,perfume.jpg
199,Myrurgia,perfume.jpg
200,Naomi Campbell,perfume.jpg
201,Narciso Rodriguez,perfume.jpg
202,Nautica,perfume.jpg
203,New Brand,perfume.jpg
204,New Generation Perfumes,perfume.jpg
205,Nina Ricci,perfume.jpg
206,Nino Cerruti,perfume.jpg
207,Nuparfums,perfume.jpg
208,Oak,perfume.jpg
209,One Direction,perfume.jpg
210,Orientica,perfume.jpg
211,Oscar,perfume.jpg
212,Oscar De La Renta,perfume.jpg
213,Paco Rabanna,perfume.jpg
214,Paloma Picasso,perfume.jpg
215,Parfums de Marly,perfume.jpg
216,Parfums Gres,perfume.jpg
217,Paris Bleu,perfume.jpg
218,Paris Hilton,perfume.jpg
219,Parmus Joop,perfume.jpg
220,Paul Sebastian,perfume.jpg
221,Perfumers Workshop,perfume.jpg
222,Perry Ellis,perfume.jpg
223,Pierre Balmain,perfume.jpg
224,Pierre Cardin,perfume.jpg
225,Pink Sugar,perfume.jpg
226,Pino Silvestre,perfume.jpg
227,Playboy,perfume.jpg
228,Police,perfume.jpg
229,Prada,perfume.jpg
230,Prep,perfume.jpg
231,Pretty Pink,perfume.jpg
232,Prince Matchabelli,perfume.jpg
233,Princesse Marina De Bourbon,perfume.jpg
234,PUIG,perfume.jpg
235,Rachel Zoe,perfume.jpg
236,Ralph Lauren,perfume.jpg
237,Real Madrid,perfume.jpg
238,Remy Latour,perfume.jpg
239,Renato Balestra,perfume.jpg
240,Replay,perfume.jpg
241,Revlon,perfume.jpg
242,Reyane Tradition,perfume.jpg
243,Rihanna,perfume.jpg
244,Roberto Capucci,perfume.jpg
245,Rochas,perfume.jpg
246,Romeo Gigli,perfume.jpg
247,Royal Copenhagen,perfume.jpg
248,Rudimental,perfume.jpg
249,Salavatore Ferragamo,perfume.jpg
250,Salvador Dali,perfume.jpg
251,Salvatore Ferragamo,perfume.jpg
252,Sarah Jessica Parker,perfume.jpg
253,Scarf,perfume.jpg
254,Sean John,perfume.jpg
255,Slava Zaitsev,perfume.jpg
256,Sofia Vergara,perfume.jpg
257,SOS Creations,perfume.jpg
258,St.Studio,perfume.jpg
259,Swiss Army,perfume.jpg
260,Tabac,perfume.jpg
261,Ted Lapidus,perfume.jpg
262,The Master Perfume,perfume.jpg
263,Therme Skincare,perfume.jpg
264,Thierry Mugler,perfume.jpg
265,Tom Ford,perfume.jpg
266,Tom Tailor,perfume.jpg
267,Tomford,perfume.jpg
268,Tommy Bahama,perfume.jpg
269,Tommy Hilfiger,perfume.jpg
270,Top Gun,perfume.jpg
271,Tous,perfume.jpg
272,True Religion,perfume.jpg
273,Trussardi,perfume.jpg
274,Twist and Spritz,perfume.jpg
275,Umbro,perfume.jpg
276,United Colors of Benetton,perfume.jpg
277,Universal Toiletries,perfume.jpg
278,Usher,perfume.jpg
279,Valentino,perfume.jpg
280,Van Gils,perfume.jpg
281,Vanderbilt,perfume.jpg
282,Velvet Patchouli,perfume.jpg
283,Vera Wang,perfume.jpg
284,Versace,perfume.jpg
285,Vicky Tiel,perfume.jpg
286,Victor & Rolf,perfume.jpg
287,Victoria Secret,perfume.jpg
288,Viktor and Rolf,perfume.jpg
289,Vince Camuto,perfume.jpg
290,Visconti Di Modrone,perfume.jpg
291,XOXO,perfume.jpg
292,Yves Saint Laurent,perfume.jpg
293,YZY Perfume,perfume.jpg
