ID,DESIGNER
1,Carven
2,Completely Bare
3,Hanae Mori
4,Nino Cerruti
5,CH
6,Fred Hayman
7,Perry Ellis
8,Muelhens
9,Echt Kolnisch
10,Abercrombie and Fitch
11,Visconti Di Modrone
12,Adidas
13,Ajmal
14,Al Haramain
15,Amando
16,Animale
17,Antonio Banderas
18,Giorgio Armani
19,Aramis
20,Armaf
21,Gilles Cantuel
22,Coty
23,The Master Perfumer
24,Azzaro
25,Baldessarini
26,Banana Republic
27,LTL
28,Bentley
29,Lalique
30,Lomani
31,Bijan
32,Nuparfums
33,Blue Bloom
34,Jacques Bogart
35,Liz Claiborne
36,Hugo Boss
37,Gucci
38,Boucheron
39,Bruno Banani
40,Burberry
41,Bvlgari
42,Caesars
43,Cofinluxe
44,Calvin Klein
45,Carolina Herrera
46,Kruidvat
47,Chopard
48,Remy Latour
49,Estee Lauder
50,Clinique
51,Coach
52,Davidoff
53,Creed
54,Cristiano Ronaldo
55,Cuba
56,Curve
57,Daniel Hechter
58,David Beckham
59,Cartier
60,Alfred Dunhill
61,Diesel
62,Juicy Couture
63,YZY Perfume
64,Donna Karan
65,Dolce and Gabbana
66,Dolce&Gabbana
67,Next Generation Perfumes
68,Guy Laroche
69,Dunhill
70,Hermes
71,Geoffrey Beene
72,Christian Dior
73,Marc Ecko
74,Lanvin
75,Christian Audigier
76,Ed Hardy
77,Giorgia Armani
78,Emporio Armani
79,Escada
80,Eze
81,Faconnable
82,French Connection UK
83,Ferrari
84,Fila
85,Givenchy
86,Guess
87,J Del Pozo
88,J. Del Pozo
89,Halston
90,Next Genertion Perfumes
91,Alfred Sung
92,Hugo
93,Hummer
94,Lorientale Fragrances
95,Sean John
96,Reyane Tradition
97,Invicta
98,Issey Miyake
99,Izod
100,Jacomo
101,Jaguar
102,Jean Paul Gaultier
103,Jil Sander
104,Jimmy Choo
105,Joop
106,Joop!
107,Michael Jordan
108,Jovan
109,Karl Lagerfeld
110,Kenneth Cole
111,Yves Saint Laurent
112,Lacoste
113,Lagerfeld
114,Conino Lamborghini
115,Ted Lapidus
116,Lattafa
117,Laura Biagiotti
118,Lolita Lempicka
119,Lionel Richie
120,Loinel Richie
121,Maison Margiela
122,Princesse Marina De Bourbon
123,The Master Perfume
124,Mercedes Benz
125,Mexx
126,Michael Kors
127,Paloma Picasso
128,Mont Blanc
129,Narciso Rodriguez
130,Nautica
131,New Brand
132,New Brand Perfumes
133,Giorgio Beverly Hills
134,Orientica
135,Oscar De La Renta
136,Paco Rabanne
137,Paris Hilton
138,Elizabeth Taylor
139,Paul Sebastian
140,Pierre Cardin
141,Pino Silvestre
142,Mavive
143,Playboy
144,Police
145,Ralph Lauren
146,Prada
147,Prep
148,Molyneux
149,Antonio Puig
150,Real Madrid
151,Replay
152,Rochas
153,Royal Copenhagen
154,Rudimental
155,Salvatore Ferragamo
156,Perfumers Workshop
157,Michel Germain
158,Victor&Rolf
159,Viktor&Rolf
160,Viktor and Rolf
161,Victor & Rolf
162,Swiss Army
163,Maurer & Wirtz
164,Tabac
165,Tom Tailor
166,Tommy Bahama
167,Tommy Hilfiger
168,Topgun
169,Tous
170,Paris Bleu
171,True Religion
172,Trussardi
173,Umbro
174,Emanuel Ungaro
175,Dana
176,Van Gils
177,Versace
178,Vince Camuto
179,Myrurgia
180,Cool Water
181,Fresh Up
182,Mercedes-Benz
183,Marina De Bourbon
184,Renato Balestra
185,Parfums de Marly
186,Abercrombie & Fitch
187,Guerlain
188,Jivago
189,Moschino
190,Tomford
191,Thierry Mugler
192,Bob Mackie
193,Dolc & Gabbana
194,DSquared2
195,Dsquared
196,Kanon
197,Top Gun
198,Elizabeth Arden
199,Cacharel
200,Apothecary
201,Beauty&Heels
202,Betsey Johnson
203,Billie Eilish
204,Sarah Jessica Parker
205,Gres
206,Chloe
207,Britney Spears
208,Derek Lam
209,Ellen Tracy
210,Jennifer Lopez
211,Furla
212,Ignacio Figueras
213,Kate Spade
214,Lancome
215,Missguided
216,Oscar
217,Aquolina
218,Rachel Zoe
219,Rihanna
220,Sarah Jesica Parker
221,Mugler
222,Valentino
223,Velvet Patchouli
224,Evyan
225,Assurance
226,Ambercrombie&Fitch
227,Adam Levine
228,Agent Provocateur
229,Alyssa Ashley
230,Houbigant
231,Ariana Grande
232,Artes Florales
233,SOS Creations
234,Pierre Balmain
235,Bebe
236,Bond No. 9
237,Bond No.9
238,Braccialini
239,Byblos
240,Parfums Gres
241,Calvin Kein
242,Revlon
243,Ciara
244,One Direction
245,Jean Couturier
246,Marc Jacobs
247,Mark Jacobs
248,Salvador Dali
249,Gale Hayman
250,Dis Lui
251,Dolce & Gabbana
252,Dolce Gabbana
253,Next Generation Parfumes
254,Marmol and Son
255,Double Diamond
256,Lascad
257,Eva Longoria
258,Kenzo
259,MPF
260,Franck Olivier
261,Gianfranco Ferre
262,Giorgio
263,Beverly Hills
264,Glamour&Heels
265,Glamour & Heels
266,Vanderbilt
267,Gloria Vanderbilt
268,Guerlian
269,Halloween
270,Aubusson
271,United Colors of Benetton
272,Borghese
273,Dior
274,James Bond
275,Jessica McClintock
276,Jessica Simpson
277,Parmus Joop
278,Katespade
279,Kate Espade
280,Lolita Lempika
281,Jessica Sarah Parker
282,Luciano Soprani
283,Mandarina Duck
284,My Dynastie Princess
285,Slava Zaitsev
286,Mauboussin
287,Michael Cors
288,Missoni
289,Monique Lhuillier
290,Naomi Campbell
291,Narciso Rodrigues
292,Narciso Poudree
293,Nina Ricci
294,Oak
295,Jean Charles Brosseau
296,Paco Rabanna
297,PUIG
298,St.Studio
299,Pink Sugar
300,New Generation Perfumes
301,Pretty Pink
302,Roberto Capucci
303,Romeo Gigli
304,Giorgio Valenti
305,Sofia Vergara
306,Helene Fischer
307,Tom Ford
308,Twist and Spritz
309,Usher
310,Vera Wang
311,Vicky Tiel
312,Bonaparte
313,Victoria Secret
314,Prince Matchabelli
315,XOXO
316,Jerome Moments
317,Therme Skincare
318,Echt Kolnisch Wasser
319,Harajuku
320,Harauku
321,Jean Patou
322,Katyperry
323,Hobigant
324,Salavatore Ferragamo
325,Scarf
326,Universal Toiletries
327,Leonardo
